Step, Ekin
10, 2.258659
20, 1.559328
30, 1.264444
